,PeakVelocity,MeanVelocity,Stddev
1,158.624373164,158.624373164,0.793850402705
